{
  "version": "v20251111_042340",
  "created_at": "2025-11-11T04:23:40.224793",
  "metrics": {
    "accuracy": 0.9761904761904762,
    "f1_score": 0.9761844454093693,
    "precision": 0.9767460317460318,
    "recall": 0.9761904761904763,
    "loss": 0.1745206646155566
  },
  "training_samples": 996,
  "is_active": true
}