{
  "version": "v20251111_042215",
  "created_at": "2025-11-11T04:22:15.249044",
  "metrics": {
    "accuracy": 0.9722222222222222,
    "f1_score": 0.9722094009788466,
    "precision": 0.9731302125369922,
    "recall": 0.9722222222222223,
    "loss": 0.1824638469843194
  },
  "training_samples": 995,
  "is_active": false
}